﻿<?xml version="1.0" encoding="utf-8"?>
<deployment>
  <id>ce26b277-3302-40b4-8e3d-2437019951b1</id>
  <author>N/A</author>
  <deployer>OneDeploy</deployer>
  <authorEmail>N/A</authorEmail>
  <message>OneDeploy</message>
  <progress></progress>
  <status>Success</status>
  <statusText></statusText>
  <lastSuccessEndTime>2025-11-23T18:29:07.1865525Z</lastSuccessEndTime>
  <receivedTime>2025-11-23T18:29:01.6622945Z</receivedTime>
  <startTime>2025-11-23T18:29:03.0465775Z</startTime>
  <endTime>2025-11-23T18:29:07.1865525Z</endTime>
  <complete>True</complete>
  <is_temp>False</is_temp>
  <is_readonly>True</is_readonly>
  <buildSummary />
</deployment>