<step title="Incoming Request" date="2025-11-23T18:28:56.980" instance="870d61" url="/api/publish?type=zip" method="POST" type="request" pid="831,1,20" Accept="*/*" Host="chai-social-cash-app.scm.azurewebsites.net" User-Agent="AZURECLI/2.77.0 (HOMEBREW)" Accept-Encoding="gzip, deflate" Authorization="Bas..." Cache-Control="no-cache" Content-Type="application/octet-stream" Cookie="ARRAffinity=870d616759e74713524da24210e88870fbcc76bc99b00f44c089fc8ca08f9724; ARRAffinitySameSite=870d616759e74713524da24210e88870fbcc76bc99b00f44c089fc8ca08f9724" Content-Length="340749" x-ms-client-request-id="40a20e50-c89a-11f0-aa52-defd7cd5874e" x-ms-artifact-checksum="9a397637acbe596c3c4cf6fb13812fd1b2aba21f031f81fb8ab66a68565a0aaf" X-ARR-LOG-ID="40a20e50-c89a-11f0-aa52-defd7cd5874e" CLIENT-IP="209.225.136.90:54121" X-SITE-DEPLOYMENT-ID="chai-social-cash-app" WAS-DEFAULT-HOSTNAME="chai-social-cash-app.scm.azurewebsites.net" X-Forwarded-Proto="https" X-AppService-Proto="https" X-Forwarded-TlsVersion="1.3" X-WAWS-Unencoded-URL="/api/publish?type=zip" X-Client-IP="209.225.136.90" X-Client-Port="54121" >
  <step title="OneDeploy" date="2025-11-23T18:28:57.117" >
    <step title="None repository commit" date="2025-11-23T18:28:57.201" >
      <step title="Commit id: ce26b277-3302-40b4-8e3d-2437019951b1" date="2025-11-23T18:28:57.207" Message="N/A" AuthorName="N/A" AuthorEmail="N/A" /><!-- duration: 4ms -->
    </step><!-- duration: 12ms -->
    <step title="Starting PushDeployAsync" date="2025-11-23T18:28:57.220" /><!-- duration: 4ms -->
    <step title="Writing artifact to /tmp/zipdeploy/e81c4c2a-c63b-4247-a761-7fb8a59c708b.zip" date="2025-11-23T18:28:58.050" >
      <step title="Writing multipart request body to /tmp/zipdeploy/e81c4c2a-c63b-4247-a761-7fb8a59c708b.zip" date="2025-11-23T18:28:58.065" /><!-- duration: 3ms -->
    </step><!-- duration: 75ms -->
    <step title="Attempting to fetch target branch HEAD" date="2025-11-23T18:28:58.136" /><!-- duration: 4ms -->
    <step title="Acquiring Deployment Lock" date="2025-11-23T18:28:58.147" /><!-- duration: 6ms -->
    <step title="Acquired Deployment Lock" date="2025-11-23T18:28:58.191" /><!-- duration: 5ms -->
    <step title="Performing fetch based deployment" date="2025-11-23T18:28:58.209" >
      <step title="Creating temporary deployment" date="2025-11-23T18:28:58.214" /><!-- duration: 74ms -->
      <step title="Releasing Deployment Lock" date="2025-11-23T18:28:59.464" /><!-- duration: 9ms -->
      <step title="Cleaning up temp folders from previous zip deployments and extracting pushed zip file /tmp/zipdeploy/e81c4c2a-c63b-4247-a761-7fb8a59c708b.zip (0.32 MB) to /tmp/zipdeploy/extracted" date="2025-11-23T18:28:59.508" >
        <step title="ChmodRecursive Process exited with total time taken in ms: 38" date="2025-11-23T18:28:59.574" /><!-- duration: 3ms -->
      </step><!-- duration: 74ms -->
      <step title="None repository commit" date="2025-11-23T18:28:59.585" >
        <step title="Commit id: ce26b277-3302-40b4-8e3d-2437019951b1" date="2025-11-23T18:28:59.587" Message="OneDeploy" AuthorName="N/A" AuthorEmail="N/A" /><!-- duration: 3ms -->
      </step><!-- duration: 8ms -->
      <step title="Deployment timer started" date="2025-11-23T18:29:01.599" >
        <step title="DeploymentManager.Deploy(id:ce26b277-3302-40b4-8e3d-2437019951b1)" date="2025-11-23T18:29:01.612" >
          <step title="Collecting changeset information" date="2025-11-23T18:29:01.636" /><!-- duration: 84ms -->
          <step title="Updating submodules" date="2025-11-23T18:29:01.729" /><!-- duration: 1129ms -->
          <step title="Determining deployment builder" date="2025-11-23T18:29:03.120" >
            <step title="Builder is OneDeployBuilder" date="2025-11-23T18:29:03.139" /><!-- duration: 4ms -->
          </step><!-- duration: 26ms -->
          <step title="PreDeployment: context.CleanOutputPath False" date="2025-11-23T18:29:03.201" >
            <step title="PreDeployment: context.OutputPath /home/site/wwwroot" date="2025-11-23T18:29:03.322" >
              <step title="Building" date="2025-11-23T18:29:03.456" >
                <step title="Executing external process" date="2025-11-23T18:29:03.999" type="process" path="starter.sh" arguments="/opt/Kudu/Scripts/parallel_rsync.sh /tmp/zipdeploy/extracted /home/site/wwwroot 8 /tmp/ False False  " /><!-- duration: 2272ms -->
                <step title="Modified file to trigger a restart of the app container." date="2025-11-23T18:29:06.764" /><!-- duration: 3ms -->
                <step title="Skip function trigger and logicapp sync because function is not enabled." date="2025-11-23T18:29:06.773" /><!-- duration: 3ms -->
              </step><!-- duration: 4065ms -->
            </step><!-- duration: 4214ms -->
            <step title="Cleaning up temp files" date="2025-11-23T18:29:07.538" /><!-- duration: 5ms -->
            <step title="Cleaning up temp files" date="2025-11-23T18:29:07.551" /><!-- duration: 505ms -->
            <step title="Reloading status file with latest updates" date="2025-11-23T18:29:08.115" >
              <step title="WebHooksManager.PublishEventAsync: PostDeployment" date="2025-11-23T18:29:08.122" /><!-- duration: 67ms -->
            </step><!-- duration: 78ms -->
            <step title="Cleaning up temporary deployment - fetch deployment was successful" date="2025-11-23T18:29:08.201" /><!-- duration: 3ms -->
          </step><!-- duration: 5073ms -->
        </step><!-- duration: 6667ms -->
        <step title="Outgoing response" date="2025-11-23T18:29:08.287" type="response" statusCode="200" statusText="OK" /><!-- duration: 3ms -->
      </step><!-- duration: 6694ms -->
