<step title="Incoming Request" date="2025-11-23T18:14:00.763" instance="870d61" url="/api/publish?type=zip" method="POST" type="request" pid="833,1,5" Accept="*/*" Host="chai-social-cash-app.scm.azurewebsites.net" User-Agent="AZURECLI/2.77.0 (HOMEBREW)" Accept-Encoding="gzip, deflate" Authorization="Bas..." Cache-Control="no-cache" Content-Type="application/octet-stream" Content-Length="340819" x-ms-client-request-id="072cd012-c898-11f0-a23f-defd7cd5874e" x-ms-artifact-checksum="b22aa0ec12870fa3037249e526b5a9925e296bbeca241f80c16031a4f84223d0" X-ARR-LOG-ID="072cd012-c898-11f0-a23f-defd7cd5874e" CLIENT-IP="209.225.136.90:53418" X-SITE-DEPLOYMENT-ID="chai-social-cash-app" WAS-DEFAULT-HOSTNAME="chai-social-cash-app.scm.azurewebsites.net" X-Forwarded-Proto="https" X-AppService-Proto="https" X-Forwarded-TlsVersion="1.3" X-WAWS-Unencoded-URL="/api/publish?type=zip" X-Client-IP="209.225.136.90" X-Client-Port="53418" >
  <step title="OneDeploy" date="2025-11-23T18:14:01.600" >
    <step title="None repository commit" date="2025-11-23T18:14:01.627" >
      <step title="Commit id: 0c48dbe8-faee-4419-b0c7-59ee5ffd6d95" date="2025-11-23T18:14:01.633" Message="N/A" AuthorName="N/A" AuthorEmail="N/A" /><!-- duration: 3ms -->
    </step><!-- duration: 12ms -->
    <step title="Starting PushDeployAsync" date="2025-11-23T18:14:01.642" /><!-- duration: 5ms -->
    <step title="Writing artifact to /tmp/zipdeploy/56d4f3f8-58f8-4685-9a6e-4d099a2ab647.zip" date="2025-11-23T18:14:01.676" >
      <step title="Writing multipart request body to /tmp/zipdeploy/56d4f3f8-58f8-4685-9a6e-4d099a2ab647.zip" date="2025-11-23T18:14:01.683" /><!-- duration: 3ms -->
    </step><!-- duration: 70ms -->
    <step title="Attempting to fetch target branch HEAD" date="2025-11-23T18:14:01.802" /><!-- duration: 3ms -->
    <step title="Acquiring Deployment Lock" date="2025-11-23T18:14:01.809" /><!-- duration: 4ms -->
    <step title="Acquired Deployment Lock" date="2025-11-23T18:14:01.903" /><!-- duration: 4ms -->
    <step title="Performing fetch based deployment" date="2025-11-23T18:14:01.949" >
      <step title="Creating temporary deployment" date="2025-11-23T18:14:01.955" /><!-- duration: 92ms -->
      <step title="Releasing Deployment Lock" date="2025-11-23T18:14:03.352" /><!-- duration: 8ms -->
      <step title="Cleaning up temp folders from previous zip deployments and extracting pushed zip file /tmp/zipdeploy/56d4f3f8-58f8-4685-9a6e-4d099a2ab647.zip (0.33 MB) to /tmp/zipdeploy/extracted" date="2025-11-23T18:14:03.408" >
        <step title="ChmodRecursive Process exited with total time taken in ms: 125" date="2025-11-23T18:14:03.637" /><!-- duration: 4ms -->
      </step><!-- duration: 242ms -->
      <step title="None repository commit" date="2025-11-23T18:14:03.655" >
        <step title="Commit id: 0c48dbe8-faee-4419-b0c7-59ee5ffd6d95" date="2025-11-23T18:14:03.658" Message="OneDeploy" AuthorName="N/A" AuthorEmail="N/A" /><!-- duration: 3ms -->
      </step><!-- duration: 9ms -->
      <step title="Deployment timer started" date="2025-11-23T18:14:05.672" >
        <step title="DeploymentManager.Deploy(id:0c48dbe8-faee-4419-b0c7-59ee5ffd6d95)" date="2025-11-23T18:14:05.722" >
          <step title="Collecting changeset information" date="2025-11-23T18:14:05.753" /><!-- duration: 122ms -->
          <step title="Updating submodules" date="2025-11-23T18:14:05.881" /><!-- duration: 1218ms -->
          <step title="Determining deployment builder" date="2025-11-23T18:14:07.450" >
            <step title="Builder is OneDeployBuilder" date="2025-11-23T18:14:07.463" /><!-- duration: 4ms -->
          </step><!-- duration: 20ms -->
          <step title="PreDeployment: context.CleanOutputPath False" date="2025-11-23T18:14:07.602" >
            <step title="PreDeployment: context.OutputPath /home/site/wwwroot" date="2025-11-23T18:14:07.767" >
              <step title="Building" date="2025-11-23T18:14:08.009" >
                <step title="Executing external process" date="2025-11-23T18:14:08.801" type="process" path="starter.sh" arguments="/opt/Kudu/Scripts/parallel_rsync.sh /tmp/zipdeploy/extracted /home/site/wwwroot 8 /tmp/ False False  " /><!-- duration: 6343ms -->
                <step title="Modified file to trigger a restart of the app container." date="2025-11-23T18:14:15.737" /><!-- duration: 25ms -->
                <step title="Skip function trigger and logicapp sync because function is not enabled." date="2025-11-23T18:14:15.796" /><!-- duration: 7ms -->
              </step><!-- duration: 8640ms -->
            </step><!-- duration: 8896ms -->
            <step title="Cleaning up temp files" date="2025-11-23T18:14:16.666" /><!-- duration: 3ms -->
            <step title="Cleaning up temp files" date="2025-11-23T18:14:16.674" /><!-- duration: 508ms -->
            <step title="Reloading status file with latest updates" date="2025-11-23T18:14:17.215" >
              <step title="WebHooksManager.PublishEventAsync: PostDeployment" date="2025-11-23T18:14:17.223" /><!-- duration: 101ms -->
            </step><!-- duration: 113ms -->
            <step title="Cleaning up temporary deployment - fetch deployment was successful" date="2025-11-23T18:14:17.337" /><!-- duration: 10ms -->
          </step><!-- duration: 9828ms -->
        </step><!-- duration: 11721ms -->
        <step title="Outgoing response" date="2025-11-23T18:14:17.459" type="response" statusCode="200" statusText="OK" /><!-- duration: 3ms -->
      </step><!-- duration: 11793ms -->
