﻿<?xml version="1.0" encoding="utf-8"?>
<deployment>
  <id>0c48dbe8-faee-4419-b0c7-59ee5ffd6d95</id>
  <author>N/A</author>
  <deployer>OneDeploy</deployer>
  <authorEmail>N/A</authorEmail>
  <message>OneDeploy</message>
  <progress></progress>
  <status>Success</status>
  <statusText></statusText>
  <lastSuccessEndTime>2025-11-23T18:14:16.2234781Z</lastSuccessEndTime>
  <receivedTime>2025-11-23T18:14:05.7992452Z</receivedTime>
  <startTime>2025-11-23T18:14:07.3576008Z</startTime>
  <endTime>2025-11-23T18:14:16.2234781Z</endTime>
  <complete>True</complete>
  <is_temp>False</is_temp>
  <is_readonly>True</is_readonly>
  <buildSummary />
</deployment>